subject,Window1_alpha,Window1_beta,Window1_theta,Window1_alpha_beta,Window1_theta_beta,Window2_alpha,Window2_beta,Window2_theta,Window2_alpha_beta,Window2_theta_beta,Window3_alpha,Window3_beta,Window3_theta,Window3_alpha_beta,Window3_theta_beta,Window4_alpha,Window4_beta,Window4_theta,Window4_alpha_beta,Window4_theta_beta,Window5_alpha,Window5_beta,Window5_theta,Window5_alpha_beta,Window5_theta_beta,Window6_alpha,Window6_beta,Window6_theta,Window6_alpha_beta,Window6_theta_beta,Window7_alpha,Window7_beta,Window7_theta,Window7_alpha_beta,Window7_theta_beta,Window8_alpha,Window8_beta,Window8_theta,Window8_alpha_beta,Window8_theta_beta,Window9_alpha,Window9_beta,Window9_theta,Window9_alpha_beta,Window9_theta_beta,Window10_alpha,Window10_beta,Window10_theta,Window10_alpha_beta,Window10_theta_beta
Subject00,2.1161660890212296e-10,1.4925432172266707e-10,1.8770892629654242e-10,1.4178256713754172,1.2576448315200464,2.350304570445283e-10,1.5506210868208712e-10,1.7800942677972568e-10,1.5157181792645076,1.1479879146019214,2.244657631613582e-10,1.5552644310970553e-10,1.752318149578325e-10,1.4432643007403192,1.12670110274577,2.457189999482146e-10,1.4942993209275146e-10,1.7865538622756697e-10,1.6443760397059963,1.1955796521186612,1.9251409209808876e-10,1.3962990672514558e-10,1.636048346447435e-10,1.3787454035691868,1.1717033870601328,1.8674075351825337e-10,1.3819439984813106e-10,1.6474029280025514e-10,1.3512903107757797,1.1920909456627529,2.5189352938426935e-10,1.6300566273390316e-10,1.8383257711400385e-10,1.5453053909879821,1.1277680421084473,2.7934461479975986e-10,1.552553441168107e-10,1.8085536718517806e-10,1.7992592550604065,1.1648898027568473,2.1935430656578028e-10,1.50299591428627e-10,1.7378594933887008e-10,1.4594471247777503,1.1562636177982966,2.495757755122569e-10,1.5885461000910655e-10,1.887868510498798e-10,1.5710955791459225,1.1884253849419752
Subject01,5.0116680321106176e-11,4.840181871625336e-11,7.543949091722265e-11,1.0354296935597787,1.5586086002154713,6.412801405210133e-11,6.484059108748146e-11,1.2207601758194048e-10,0.9890103248068985,1.8827098201069492,4.558251199107646e-11,4.891772074114102e-11,5.1676696276892146e-11,0.9318200296429681,1.0564003288368822,4.5201545031999595e-11,4.1060164791992804e-11,5.085118129183489e-11,1.100861266899114,1.2384553629884956,4.1567242088524006e-11,4.305822869502577e-11,5.337527488722896e-11,0.9653727835145711,1.2396068418252202,4.265207580567096e-11,4.487796614552908e-11,4.7744224883086484e-11,0.9504012652302456,1.0638678394707723,4.59969862821321e-11,4.40333921741446e-11,4.6191646801173406e-11,1.0445932963833862,1.0490140441257234,5.5811040332250184e-11,6.032130599195511e-11,7.493841728711086e-11,0.9252293101826004,1.2423208691321306,4.910293051903302e-11,5.893638980303907e-11,6.767808509131866e-11,0.8331513125105097,1.14832424105877,5.513417432276831e-11,5.606226668019368e-11,8.385684966285458e-11,0.9834453294098924,1.4957805780707132
Subject02,6.163652034925728e-11,1.3978680223182726e-10,7.58793944300199e-11,0.44093232955595585,0.5428223066736936,7.110596892481777e-11,1.6338942415299025e-10,7.42584016950667e-11,0.4351932157998026,0.45448719878916144,5.6552966998209976e-11,1.3781111125987338e-10,7.16777821921377e-11,0.4103658005599188,0.5201161324138325,6.668557954877212e-11,1.522283107027605e-10,6.705691420005403e-11,0.4380629282484894,0.44050225539839766,6.580510301133496e-11,1.443899288861162e-10,7.061835906675716e-11,0.4557457955619399,0.48908091867304365,6.196828370648858e-11,1.3819091477388323e-10,6.568798737545337e-11,0.4484251646201563,0.4753423007795862,7.457099835684347e-11,1.5055586983947402e-10,6.981016449337704e-11,0.49530449019591666,0.4636827814671734,7.613424887230935e-11,1.3527366401453998e-10,6.877787702176761e-11,0.5628164907555546,0.5084350861848096,8.371990365011532e-11,1.5763271147494195e-10,7.102897809549114e-11,0.5311074260333576,0.45059795921091067,7.202043333037758e-11,1.3938795681175003e-10,6.894611302197111e-11,0.5166905016596559,0.4946346484946764
Subject03,5.769428964464516e-11,5.1980670130826385e-11,5.725118043455756e-11,1.1099181580275626,1.101393658266933,5.640622826918383e-11,5.532966704896148e-11,5.7235184537169105e-11,1.0194572148657555,1.0344393449272238,5.931620639908588e-11,5.7121939095985295e-11,5.8191233057241896e-11,1.038413739761415,1.0187194968899744,6.543632535970878e-11,5.760108204598119e-11,5.443324489968919e-11,1.1360259744334829,0.9450038604524267,6.25301313608962e-11,5.5978025828794876e-11,5.524202704569998e-11,1.117047813585647,0.9868520053682154,5.963664063831208e-11,5.2164188269015024e-11,5.554403807973632e-11,1.1432487040871986,1.0647925314833067,6.408434656796677e-11,5.396284243908058e-11,5.62694817831214e-11,1.1875643252171622,1.0427449563400004,6.972114926642615e-11,5.860861821853646e-11,5.884978338089783e-11,1.189605750581833,1.0041148412928305,7.859542827548856e-11,5.570286502741982e-11,6.661989785349527e-11,1.4109764055547205,1.1959869177411524,6.896670933734782e-11,5.6791992119342095e-11,6.011846618551454e-11,1.2143738362341983,1.0585729421003973
Subject04,6.934169382899804e-11,8.986958066445747e-11,6.790109661287373e-11,0.7715813662010552,0.7555515015296822,8.396259704176565e-11,9.407349386171702e-11,6.607465108767695e-11,0.8925213000506408,0.7023726702954515,7.078300953245434e-11,8.629202101680821e-11,6.660571694352654e-11,0.820272937154491,0.7718641440852669,8.423995284480854e-11,8.977374125989599e-11,6.790920819591893e-11,0.9383584961768824,0.7564484585678679,8.483322562322428e-11,8.851413311937997e-11,7.101835784699308e-11,0.9584144659566262,0.8023391897338005,9.07642738205214e-11,8.914421426455617e-11,7.349975901832807e-11,1.0181734683437484,0.824503975100397,7.152478332353028e-11,8.396396160353129e-11,6.673759722309306e-11,0.8518509841312937,0.7948362124481543,6.664989740591356e-11,8.67398015705314e-11,6.632759854797632e-11,0.7683888618504392,0.7646731644185611,7.772829995080482e-11,9.09005157523635e-11,6.574089733429682e-11,0.8550919574819223,0.7232180894703834,7.738475918733619e-11,8.382384947732888e-11,6.951790491009498e-11,0.9231830758174114,0.8293332427890572
Subject05,1.6946216802713373e-10,2.8003512571664984e-10,1.9721565611015563e-10,0.6051461137007577,0.7042532811034067,2.063693200589692e-10,2.8676052499059574e-10,1.9047688037191545e-10,0.7196573519515527,0.6642367542679108,1.953731404683901e-10,3.0016107579594406e-10,1.9009190778683295e-10,0.6508943238236824,0.6332996617991252,2.3034424545325275e-10,3.0786949647794745e-10,1.967653430297816e-10,0.7481879435553376,0.6391193193245626,1.7701273850164852e-10,3.1686048488693286e-10,1.862533833072133e-10,0.5586456719739383,0.5878088060544222,2.0217398014330615e-10,2.853398208242444e-10,1.9234916919755988e-10,0.7085375590385458,0.6741055932604573,1.907839507535629e-10,3.1079159900027433e-10,2.009322729722858e-10,0.613864568306412,0.6465177103197968,1.8115635914268242e-10,3.0232505094590016e-10,1.8322291109555668e-10,0.5992105469787868,0.6060460769701274,2.0273465134242626e-10,3.026049428386013e-10,1.9978947907151951e-10,0.669964771363823,0.6602320411470612,1.9725503656748033e-10,3.068968155045684e-10,1.9363672616907181e-10,0.6427405779469355,0.6309505879059516
Subject06,3.734772768509985e-11,7.385104733058414e-11,4.212499294631977e-11,0.5057169672613828,0.5704048144063955,3.7627787786894725e-11,7.533250340467841e-11,5.4338252399135715e-11,0.49948941142659425,0.7213121819042206,4.0087312381515635e-11,7.303814431585128e-11,4.9003732303525616e-11,0.5488544753842491,0.6709334247542001,3.8324895078473356e-11,6.692869542028917e-11,4.30458651398255e-11,0.5726227717095964,0.6431600805829589,3.7384875632131826e-11,6.472692709098065e-11,4.929906838968799e-11,0.5775784099804918,0.7616469776232827,3.6493916932950265e-11,6.665304177767847e-11,6.801516256751744e-11,0.5475206526159135,1.020435988418688,3.8594091225709306e-11,7.340298694220662e-11,6.193259666572475e-11,0.5257836613119862,0.8437340120026313,4.744939497088575e-11,8.534802789916298e-11,5.786490079149458e-11,0.5559518613241571,0.6779875553757472,4.01603185999817e-11,7.700494179261123e-11,4.7007231434470896e-11,0.5215291079388253,0.6104443473390344,4.9256338022697874e-11,7.217983871190987e-11,6.221065557629958e-11,0.6824113062830999,0.8618841034627397
Subject07,3.7050207727143445e-11,4.219006785210664e-11,3.935111650700978e-11,0.8781736937949355,0.9327104342413353,3.902857196668126e-11,4.78869887736126e-11,3.4605716342882765e-11,0.8150141189956668,0.7226538404091869,4.0368303517499715e-11,4.6787840086809375e-11,4.066383981989078e-11,0.8627947655331181,0.8691112849929334,5.5457456255571435e-11,5.218554784617166e-11,3.6311882535667356e-11,1.0626975962587275,0.6958225798971123,5.7078949431018355e-11,5.555565726219473e-11,4.0697176399242035e-11,1.027419208841945,0.7325478340967483,7.550324134286219e-11,5.528363995855919e-11,4.2916312737411634e-11,1.3657429467281763,0.7762931813024948,7.108319048679423e-11,5.276426581780753e-11,4.728312044121784e-11,1.347184299545474,0.8961201242614495,5.012232513611873e-11,5.892304378545215e-11,4.455460959964006e-11,0.8506404611177558,0.7561491521359663,3.956006111844994e-11,4.8879836238837893e-11,4.351392577912347e-11,0.8093329307641409,0.8902224133179298,4.662659465520022e-11,5.469233616921671e-11,3.8107534775880825e-11,0.8525251967833064,0.6967618764350653
Subject08,3.0450628263550035e-10,3.574165837946974e-10,3.8122958633803557e-10,0.8519646161981418,1.066625343151443,3.0168876639504207e-10,3.4835452312897586e-10,4.0272021376763733e-10,0.8660394694612416,1.1560642593365522,3.1967082174009837e-10,3.6453324986866934e-10,3.809273876712155e-10,0.8769318624714382,1.0449729559881096,2.8433792294029596e-10,3.4012221059763575e-10,3.5457696675437067e-10,0.8359875188411834,1.0424987128342373,2.9308947506289877e-10,3.396940563509262e-10,3.6675328089119357e-10,0.8628042486563796,1.0796576331977779,2.6549753088144503e-10,3.087751727592257e-10,3.4884518049468546e-10,0.859840927328936,1.1297708212010467,2.9060296788297454e-10,3.353241673475389e-10,3.474414556908378e-10,0.8666329366644959,1.036136042442596,3.1176945043467755e-10,3.640764183400922e-10,3.7834441298841145e-10,0.8563297009350562,1.0391895600197627,2.9646653666903157e-10,3.4406136054801575e-10,3.6885650347673413e-10,0.8616676286951378,1.07206604917572,2.57958704622684e-10,3.0225729524512995e-10,3.291663001018894e-10,0.8534407892900654,1.0890268168215305
Subject09,2.2505278732954594e-10,3.8779571963853206e-10,1.765174665121649e-10,0.580338502805858,0.45518157517751473,2.3675138683059717e-10,3.8028917566083307e-10,1.722339084601831e-10,0.622556207178896,0.4529024739157778,2.2131439339699063e-10,3.790335163469684e-10,1.6926791546288695e-10,0.583891354859497,0.44657769870656666,2.408828263232983e-10,3.9507567393513443e-10,1.6888588812464974e-10,0.6097131314717384,0.4274773145166571,2.5888663466246365e-10,4.455501772964637e-10,1.8446533321434788e-10,0.5810493359768177,0.41401696736753146,2.474270753328783e-10,4.135571501072148e-10,1.7077805336147018e-10,0.5982899226110171,0.412949101030404,2.6904305490006474e-10,4.4748189752198555e-10,1.694672140670395e-10,0.6012378520560068,0.3787130049405256,2.221932787592957e-10,3.5874796019411674e-10,1.5425438070035726e-10,0.6193576087208079,0.42997981261521595,2.27880597424999e-10,3.7649686665879604e-10,1.5111694090678127e-10,0.6052655881237865,0.4013763573860828,2.3341546607661203e-10,3.9952817486458154e-10,1.5865143870212102e-10,0.5842277985919948,0.3970969976169898
Subject10,1.1088228349357664e-10,1.6979455131692126e-10,1.4318697758703047e-10,0.6530379369277582,0.8432954796044791,1.4845738217370702e-10,2.235454707146908e-10,1.5608222868352647e-10,0.6641037355804087,0.6982124405586052,1.3386518827582414e-10,1.9893631386170312e-10,1.5761207053482358e-10,0.6729047385933006,0.792274007069381,1.3726448314724095e-10,1.9542716714561873e-10,1.5953734902514095e-10,0.7023817883260878,0.8163519502192078,1.1620373443533506e-10,1.9229732488914921e-10,1.6230480752247358e-10,0.6042919967936179,0.8440305012877065,1.4631940970531577e-10,2.0870566492788344e-10,1.4768258961792833e-10,0.7010802019000072,0.7076117922767399,1.3480761518350454e-10,1.9798922473735355e-10,1.5970715461296527e-10,0.6808835953690722,0.8066456890511486,1.380124955642145e-10,2.1659666218584665e-10,1.6791007781066642e-10,0.6371866222287188,0.775220061639705,1.3374177188914437e-10,1.9973746940886732e-10,1.7329329002652554e-10,0.6695877958450139,0.8676053148134669,1.212942400112169e-10,1.8724396936245147e-10,1.62567697826296e-10,0.6477871646505501,0.8682132641164577
Subject11,1.100868782152136e-10,2.0432365454122596e-10,1.404263651583191e-10,0.538786752137901,0.687274145882045,1.3342845300398203e-10,2.3221183120290277e-10,1.7905464673025947e-10,0.5745979966343511,0.7710832208794932,1.2761471880040254e-10,2.1775107039931923e-10,1.5850325462382278e-10,0.5860578254167862,0.7279103351049168,1.2980723324272657e-10,2.38517316348448e-10,1.551003626278351e-10,0.5442256152718582,0.6502687729441423,1.351505316322412e-10,2.535805701972338e-10,1.6921736981660272e-10,0.5329687977557656,0.6673120487306509,1.4290826164770566e-10,2.442874625438176e-10,1.7405820805235685e-10,0.5850003932235055,0.7125138811458088,1.1920136961909818e-10,2.190570820819469e-10,1.6129339776941524e-10,0.5441566576446327,0.7363076155149237,1.4726610953528796e-10,2.5911236555927314e-10,1.8808337822807126e-10,0.5683484430294399,0.7258757328007425,1.0500082409615313e-10,1.9235994746665032e-10,1.4000518849539325e-10,0.5458559615917822,0.7278292094546663,1.438991074599194e-10,2.5326032721894385e-10,2.0044981861576493e-10,0.5681865337539364,0.7914773735661955
Subject12,1.3792439570695783e-10,1.3867154157332674e-10,1.9524631514950516e-10,0.9946121182623917,1.4079768129372299,1.8144854451257962e-10,1.6435746549213311e-10,1.93248486996914e-10,1.1039872388471734,1.1757816197656306,1.5263693880855672e-10,1.650594053105745e-10,1.9628304958774808e-10,0.9247394204611136,1.1891661018554103,1.737413007797701e-10,1.6157923280901758e-10,1.9400892177311275e-10,1.0752699945365365,1.200704560854217,1.7038484358285937e-10,1.6302815632203568e-10,1.8895869398891572e-10,1.0451252558256976,1.1590555782012186,1.5639441263032481e-10,1.7142437595460576e-10,1.9167988383733309e-10,0.9123230681716994,1.1181600211167817,1.8337764026906513e-10,1.6276702634889625e-10,1.8339388513903165e-10,1.126626469638816,1.1267262740668438,1.8135146329092903e-10,1.564578532890576e-10,1.8819415656829605e-10,1.1591074495690556,1.2028425075001206,1.4252545416882578e-10,1.628335731900871e-10,1.8376225881906648e-10,0.8752829737541028,1.1285280745178259,1.7735984578405742e-10,1.5857861436724686e-10,1.8240925289266974e-10,1.118434831151417,1.150276496112107
Subject13,6.533164205086193e-11,7.463094540690823e-11,8.301789876476208e-11,0.8753961469288113,1.1123790314074933,6.356469424513916e-11,7.244050426151403e-11,8.59893614891232e-11,0.8774744860370831,1.1870342754475738,5.86482444771886e-11,6.865990629801079e-11,8.168874880303899e-11,0.8541847438974404,1.1897591069885523,6.560519378508215e-11,7.366948066436027e-11,8.503456656215725e-11,0.890534223852898,1.1542712911141122,6.217560959096902e-11,7.56881269279327e-11,8.09960443398187e-11,0.8214711093348924,1.0701287986283503,7.033975927021112e-11,8.265079478218232e-11,8.704151573500976e-11,0.8510475846673262,1.0531237596008451,6.860969793947537e-11,7.704831118920218e-11,8.828618329531095e-11,0.8904763372554046,1.1458548790058838,7.085401985597858e-11,8.18455273405082e-11,8.748112955463529e-11,0.8657042377062241,1.068856569164505,6.793832692015398e-11,7.748121559606984e-11,9.054665341314854e-11,0.8768361001760031,1.1686271661662138,6.699811173214032e-11,7.682332291753732e-11,8.391950189304507e-11,0.8721064019068343,1.0923701124347984
Subject14,6.456837667247993e-11,1.464460183082346e-10,9.662337798681962e-11,0.4409022342729634,0.6597883582157217,7.303642601889976e-11,1.5002849391039995e-10,1.0102127245056374e-10,0.4868170313201877,0.6733472410307317,7.106781786191918e-11,1.457517684540664e-10,8.890491669178277e-11,0.4875948924373852,0.6099748746431239,7.446597976209588e-11,1.548255849197792e-10,9.392927791607374e-11,0.4809668880029062,0.6066780110324914,8.004992797789208e-11,1.6195736451101107e-10,7.109325556608675e-11,0.4942654396703874,0.43896278369763975,8.389630290635033e-11,1.7114709831724369e-10,8.044760555342521e-11,0.49019997260390286,0.470049485760518,7.845772423132872e-11,1.5421835390678554e-10,9.503265071771819e-11,0.508744401971448,0.6162214049772502,8.314410704124966e-11,1.8287075818007768e-10,9.216475045915936e-11,0.45466048190917135,0.5039884526994868,7.781143579869022e-11,1.6693664762972325e-10,9.796413267718608e-11,0.46611356405863164,0.5868341917017355,6.896853936846578e-11,1.5884464437217915e-10,8.834421853325382e-11,0.43418863532389435,0.5561674356880418
Subject15,8.658388629552461e-11,1.4312879162652333e-10,9.201472491333405e-11,0.6049368915337064,0.6428806103067994,1.3094305850464936e-10,1.3712894761739938e-10,9.278767798289366e-11,0.9548899833315345,0.6766454464580202,1.5602953739563456e-10,1.3752466759675965e-10,9.424366954291928e-11,1.1345567316921907,0.685285565054075,1.4008508282832742e-10,1.4694470996802552e-10,9.11059846181729e-11,0.9533183117569137,0.6200017995748002,8.749537108277938e-11,1.4491419170205268e-10,9.79948684022977e-11,0.6037736542924114,0.6762268570891778,1.6477974532321483e-10,1.5354418061710592e-10,9.694843988731332e-11,1.0731747999888521,0.6314041958325614,1.503807309755542e-10,1.4693512350907887e-10,9.722505006376255e-11,1.0234498558560263,0.661686925098989,1.305056597132531e-10,1.5329419824193735e-10,1.000644321055317e-10,0.851341154524856,0.652760725801276,8.718705163204267e-11,1.3860112799220873e-10,9.503184205355955e-11,0.6290500870739216,0.6856498459298371,1.0838201226942402e-10,1.4464871303287437e-10,9.522351583830577e-11,0.7492774045268692,0.6583087664019817
Subject16,9.842889791130733e-11,6.082609367767862e-11,1.3309772764566585e-10,1.6182018597624956,2.1881682613215188,9.370958701467243e-11,5.770679488574016e-11,1.1591993883219843e-10,1.6238917306050014,2.008774513672449,1.016053677054409e-10,6.491165170187606e-11,1.196810777840217e-10,1.565287048496169,1.843753388585592,9.480294690850629e-11,6.105317058242209e-11,1.0822601440098134e-10,1.5527931801759882,1.7726518273915959,9.836126694109887e-11,6.961992528619562e-11,1.1791045197239568e-10,1.4128321243775042,1.6936308318011828,9.971793700981296e-11,6.630475818781123e-11,1.1526586140748683e-10,1.5039333486045963,1.7384251833177802,1.0106278373282054e-10,6.450607638664367e-11,1.132320820154808e-10,1.5667172674874723,1.7553707861066885,1.052980084972941e-10,6.761418305809438e-11,1.2590461269081655e-10,1.5573361051603865,1.8621035853178731,9.819095648320113e-11,6.438938371959115e-11,1.2287942850892202e-10,1.5249556807502958,1.9083802547955533,9.803302585312785e-11,6.446737344939589e-11,1.2508441929006933e-10,1.5206610818428883,1.9402747870324701
Subject17,6.8886365062145e-11,4.57614339977812e-11,8.255302150231185e-11,1.5053366785989497,1.8039867698707723,6.491922844842308e-11,4.6600085548205967e-11,8.774715188697642e-11,1.3931139328331634,1.882982635218672,8.564517900375917e-11,6.268610802738752e-11,9.818915992918134e-11,1.3662545290950405,1.5663623571315444,8.618281472921382e-11,6.313527970767253e-11,1.09266981016398e-10,1.3650500184406473,1.7306802396746064,7.053021296556856e-11,5.379891731411485e-11,1.1126226385516471e-10,1.310996884077889,2.06811343814857,7.912402533049957e-11,5.491374053381436e-11,1.2098940021514896e-10,1.4408784497529756,2.2032627724685234,6.886177370641539e-11,4.858442862439391e-11,1.165297279683924e-10,1.4173630452420378,2.398499504219416,7.112386963200859e-11,5.278385906416911e-11,1.216829023147834e-10,1.3474549018013937,2.305305153358606,7.946310335750977e-11,5.1176709296019356e-11,1.2567659060209643e-10,1.552720064470628,2.4557380169785916,6.879321525815626e-11,4.5932155418280944e-11,1.146539929346105e-10,1.4977136307166774,2.4961596487365876
Subject18,2.7265452341693567e-10,2.2848296983296925e-10,3.336845049114408e-10,1.1933253651957418,1.4604349074916976,2.1419745396220166e-10,1.9424760558631547e-10,2.9287649671006995e-10,1.1027031881071054,1.507748297983153,2.957435875494982e-10,2.6574967862373086e-10,3.0775788848883464e-10,1.112865268854135,1.1580743581051787,2.453600124762665e-10,2.3390197037601157e-10,2.731195150406688e-10,1.0489865138024936,1.1676665852861892,3.081545514265497e-10,2.904008309181256e-10,3.4255556747704554e-10,1.0611352262742992,1.1795956863967247,2.3950848880427116e-10,2.2736744113134388e-10,3.2866799113577937e-10,1.0533983564775826,1.445536746600042,2.762804350752521e-10,2.516758090315935e-10,3.700221721093886e-10,1.0977631745312872,1.4702333670175618,2.4647245579159065e-10,2.1321681263577558e-10,3.117786827281615e-10,1.155971017222847,1.4622612488854374,2.468274723700139e-10,2.1338692589918899e-10,3.4868364183339647e-10,1.1567131928533585,1.6340440744627724,2.4415594423482003e-10,2.1360788405662948e-10,3.2075463811759965e-10,1.1430099844540007,1.501604866010304
Subject19,7.262090140276118e-11,1.3776862380909252e-10,9.28694689003623e-11,0.5271222096505279,0.674097383951897,7.643350449297617e-11,1.3834031357650387e-10,9.036314864553201e-11,0.5525034786819932,0.653194620637896,7.284826733350343e-11,1.3409105717406732e-10,9.19316014936099e-11,0.5432746140478039,0.6855908472275741,7.304057494611666e-11,1.3625671701767425e-10,9.259526043574185e-11,0.536051187382141,0.6795647397238482,7.83560006512282e-11,1.3074995416856064e-10,9.374000730590998e-11,0.5992812857908383,0.7169410337617552,7.403503402216401e-11,1.298819038947049e-10,9.24309935472661e-11,0.5700180841372954,0.7116541317580299,7.166944211338674e-11,1.3048788342803638e-10,9.088069122973938e-11,0.549242122950919,0.6964684294221062,7.386806055137488e-11,1.2552245634721254e-10,9.257827841270319e-11,0.5884848233613719,0.737543552817504,8.321539794284317e-11,1.4402342482586761e-10,9.228210756964259e-11,0.5777907173326509,0.6407437379108074,8.392673790558197e-11,1.5137620101589481e-10,9.647963466323978e-11,0.5544249184636988,0.6373500855204394
Subject20,1.364482327496704e-11,1.1510782795397595e-11,1.3382565940901827e-11,1.1853949047168806,1.1626112818541443,1.6148366409624903e-11,1.2839411411868477e-11,1.755805128009807e-11,1.257718589397151,1.3675121636703522,1.4565509379837773e-11,1.4688222807978262e-11,1.652151887578381e-11,0.9916454543381631,1.1248140154035347,1.810172856655357e-11,1.661156490422044e-11,2.690310036075702e-11,1.089706398579855,1.6195403934473294,1.929368404003492e-11,1.6317212500791794e-11,2.779705202300048e-11,1.1824129911342818,1.7035417061371005,2.0755792803180492e-11,1.6675775485311358e-11,2.2325398744018877e-11,1.2446673212566914,1.3387922357004576,1.8634118469855167e-11,1.8539657041795004e-11,2.755385805256658e-11,1.0050951011578702,1.4862118533503803,2.266638856596017e-11,2.282361996866709e-11,1.9067721303612277e-11,0.9931110225756137,0.8354380825560969,1.792476521115118e-11,1.656819666741672e-11,2.145368246611488e-11,1.0818778634129995,1.2948713065620494,1.8589859694392627e-11,1.8805542045728518e-11,1.7466733025115646e-11,0.9885309154710124,0.9288077409650115
Subject21,1.2070215580279e-10,1.439633872642779e-10,1.3871906695395256e-10,0.8384225885239379,0.9635718469120333,1.167940407153784e-10,1.2015542895930098e-10,1.322444741564547e-10,0.9720246661092512,1.1006117268429754,1.0689732008144114e-10,1.134604171608462e-10,1.325184442048963e-10,0.9421551828943046,1.1679707119094462,1.0699940379536345e-10,1.328219956841929e-10,1.2061175851883452e-10,0.8055849729119634,0.9080706693009619,1.1103915267451324e-10,1.2786994639440745e-10,1.214272273745547e-10,0.8683756879980179,0.949615064356244,1.1634108480191872e-10,1.3912558656027464e-10,1.176094382855133e-10,0.8362306868083911,0.8453472951545135,1.1789128442763636e-10,1.3832341289695456e-10,1.0524442727843695e-10,0.8522872734166896,0.760857652903922,1.1329970385697534e-10,1.3603947589143452e-10,1.0302370655546122e-10,0.8328443131271211,0.757307435068911,1.1117821805351483e-10,1.2538278553619316e-10,9.6414938320652e-11,0.8867103851463084,0.7689647179901002,1.1543664833802316e-10,1.1987855343898756e-10,1.198658381226051e-10,0.9629466241163386,0.9998939316832104
Subject22,1.7302164837366378e-10,2.868114929670948e-10,1.152033887412116e-10,0.6032591183279887,0.4016693597227242,1.6584464663626048e-10,2.772533519344272e-10,1.056239814433619e-10,0.5981700328567503,0.3809655706825968,1.6372404218105285e-10,2.7366690897068533e-10,1.0643609564166596e-10,0.5982602821687537,0.3889257054935611,2.0716748884559874e-10,3.120085722100175e-10,1.0910921495018898e-10,0.6639801188095283,0.3496994142736116,1.8533120220350468e-10,3.1534053472855595e-10,1.0982105915607303e-10,0.587717663265324,0.3482617902281628,1.7716140371834195e-10,3.038754433610797e-10,1.0471487207707249e-10,0.5830066482464332,0.3445980067321371,2.10161753478964e-10,3.102462817528583e-10,1.1701347380568793e-10,0.6774029725403076,0.3771631786997553,1.6894657073529968e-10,2.847684186016141e-10,1.094439324249897e-10,0.5932770619892823,0.3843260884139677,1.8883924215008285e-10,3.2252851819912704e-10,1.2477982399128646e-10,0.5854962631040729,0.38687997169369126,1.7365161333553877e-10,2.6344832430172607e-10,1.122878473312138e-10,0.6591486728784671,0.4262234258989292
Subject23,1.0309905935048093e-10,1.1592698297505562e-10,6.779056920854552e-11,0.889344798808963,0.5847695460437562,7.964886144221585e-11,9.693324420009027e-11,6.719776671287117e-11,0.8216877718216479,0.6932375705300967,1.0621322789231178e-10,1.1051234794629647e-10,7.189075258434205e-11,0.9610982832789522,0.6505223526630471,1.081611803497639e-10,1.0784774011706792e-10,6.794358586293407e-11,1.0029063217491228,0.629995452748308,9.95355489507863e-11,1.0956999301450974e-10,7.050446506515958e-11,0.9084197800177406,0.6434650867945485,9.92210536637677e-11,1.0927687521793454e-10,6.691381606118629e-11,0.9079785038315547,0.6123328099173573,1.0908533031584683e-10,1.0670936119870543e-10,6.766639382782296e-11,1.022265798337196,0.6341186290284331,1.171155892129876e-10,1.0245829480812091e-10,6.564860238136256e-11,1.143056200889505,0.6407348717281132,1.2221192660806514e-10,1.10297469903762e-10,6.758075162746711e-11,1.1080211242805378,0.6127135254002964,9.571975535180797e-11,1.0423116910426241e-10,6.456591311167617e-11,0.9183409931443781,0.6194491884389295
Subject24,8.463008543283499e-11,7.034579110994766e-11,1.1082586494757786e-10,1.2030582654271604,1.5754441480992298,7.461309448936424e-11,6.04073428959249e-11,9.912540806522438e-11,1.2351659734134353,1.6409496480586205,8.470865268211575e-11,6.728470113598213e-11,1.0021647179650492e-10,1.2589585931416991,1.4894392054141372,8.124214249441171e-11,6.566172893268495e-11,9.778109485880463e-11,1.2372830233833696,1.489164182061788,7.662843519137487e-11,6.200316509673153e-11,1.0072707674349694e-10,1.2358794115078862,1.6245473370004901,7.11819708661945e-11,6.031760598561946e-11,8.492968492661257e-11,1.180119298553813,1.4080413759601296,5.7622267896343116e-11,4.596113565150042e-11,9.736113909622545e-11,1.2537172347799028,2.1183362359551934,8.598888268760821e-11,6.151891534465018e-11,9.645547207381131e-11,1.3977633091524588,1.567899426272952,9.031041441020184e-11,7.392102727840956e-11,9.623145228232711e-11,1.2217148183028457,1.3018143257112695,8.109898904796208e-11,6.665604912493227e-11,9.915079271704567e-11,1.2166786077578593,1.4874987944636362
Subject25,2.495505126879522e-10,3.6716097692763963e-10,1.435996013974207e-10,0.6796760232423441,0.3911080164320443,2.3234881701624183e-10,3.492788037616057e-10,1.4241042417110305e-10,0.6652244983489681,0.4077270725775357,2.3137952564426356e-10,3.2807022735356325e-10,1.3519072799904185e-10,0.7052743783266394,0.4120786244139917,2.3275191497947356e-10,3.716969644694695e-10,1.406624129790989e-10,0.6261872902612616,0.37843304203430655,2.383192448733341e-10,3.68946919373995e-10,1.3477187833243864e-10,0.6459445312016661,0.36528798928884065,2.4257058002114596e-10,3.447835721992588e-10,1.5420687282926804e-10,0.7035444829168326,0.4472570193690903,2.588792160262629e-10,3.838105128975503e-10,1.4549515544238282e-10,0.6744974598842345,0.3790806936057521,2.686587967194815e-10,3.6389384545212724e-10,1.58252798293709e-10,0.7382889270514619,0.4348872625121885,2.625624197012326e-10,3.8565361513912137e-10,1.569665629786274e-10,0.6808244740724533,0.4070143694154222,2.367667568406951e-10,3.392966324455512e-10,1.5521645837834586e-10,0.697816406647332,0.457465366689881
Subject26,4.462548647768359e-11,1.2844749421810198e-10,7.185912570173516e-11,0.3474220088864495,0.5594435776202796,6.475092660817475e-11,1.1190633256776608e-10,1.6924311294776273e-10,0.5786171803008926,1.512364037533584,5.922775822008498e-11,1.55190233945761e-10,7.683523216333624e-11,0.38164616879683994,0.4951035268765054,5.869107506507338e-11,1.4926104093503198e-10,7.789990515652133e-11,0.39321094571904747,0.5219038046936064,6.724912869523818e-11,1.4645568328483975e-10,7.85110594297657e-11,0.4591773237262922,0.5360738324990131,6.446114952038709e-11,1.4568090940405207e-10,5.742778558551549e-11,0.4424817897148171,0.39420254733746296,6.01405550860535e-11,1.4828521495055946e-10,5.562613315040356e-11,0.4055735098479324,0.3751293287665271,6.1690957101035e-11,1.4975378414756816e-10,6.529629948305224e-11,0.4119492368903641,0.43602437063432686,6.773920338880332e-11,1.5348777582014673e-10,6.817937037762353e-11,0.44133288808731247,0.4442006538521639,6.683299744008173e-11,1.5257990899408018e-10,7.896399966057216e-11,0.43801964413725486,0.5175255391169215
Subject27,2.432017675239813e-10,2.331880702279702e-10,2.907443855942711e-10,1.0429425797221166,1.246823584542865,2.378429612639115e-10,2.1837417090218778e-10,2.8227819611174796e-10,1.0891533567421945,1.2926354565906217,2.0494754631619113e-10,1.9828437341330001e-10,2.6609851016715606e-10,1.0336041251672543,1.3420044433481684,1.8263765807102559e-10,1.723760051322953e-10,2.3398265501223673e-10,1.0595306343876263,1.3573969000654094,2.0818761869951042e-10,1.946510023998997e-10,2.6777882182590204e-10,1.0695430084238686,1.3756868370796533,2.3214314292748449e-10,2.204496574457203e-10,3.079776101684086e-10,1.0530437906651926,1.3970428157468997,2.100112327862522e-10,1.993160383343827e-10,2.6360953968362394e-10,1.0536594773869963,1.322570636495289,1.9321133717429475e-10,1.7806643460819272e-10,2.576469192844534e-10,1.0850519784900845,1.4469145734925568,2.312543653899558e-10,2.1652301660098746e-10,2.8378201272925677e-10,1.068035948418895,1.310632085143241,2.1330147180522606e-10,2.0450710433410123e-10,2.6088511951811e-10,1.043002747996263,1.2756775387709982
Subject28,3.6673799681341895e-11,4.804636825769207e-11,4.5195149886966074e-11,0.7633001413269261,0.9406569429882033,3.676205748321609e-11,4.9576023277424684e-11,4.63910977839012e-11,0.7415289701131866,0.9357567371690784,4.636216219859553e-11,4.703007235244155e-11,4.72633459896242e-11,0.9857982324832348,1.0049600952223614,4.006339508458648e-11,4.207719629013788e-11,4.175525510325962e-11,0.9521403186736708,0.9923487966104405,4.478644618227317e-11,5.600613928903587e-11,3.744417017074675e-11,0.7996702995566213,0.6685726001841563,3.5795175147620974e-11,4.805893475400357e-11,3.790304791508682e-11,0.7448183221464151,0.7886784863022644,3.768313630061103e-11,4.6878676717749066e-11,3.003259456538327e-11,0.8038438569308752,0.640645100675643,4.6187667551650403e-11,4.680061987837541e-11,4.1953600013987603e-11,0.9869029015359638,0.8964325712568731,4.169297711437041e-11,4.6151351439469707e-11,4.4922340335785574e-11,0.9033966680055573,0.9733699866775071,4.123809251318093e-11,4.4784779995886475e-11,4.397964221285715e-11,0.9208059639227587,0.9820220668025326
Subject29,1.4380338728894262e-10,1.8640591306281386e-10,1.110614167280697e-10,0.7714529272496022,0.5958041507548365,1.5067132196121757e-10,1.8692906689114293e-10,1.1089591989913158e-10,0.8060347407017238,0.5932513425732295,1.6450177487215794e-10,1.7449001213257817e-10,1.1229691703441516e-10,0.942757541601687,0.6435721773524294,1.500034898532404e-10,1.8029133586870902e-10,1.169467960568352e-10,0.8320060924196341,0.6486545539936411,1.3704279671521842e-10,1.6294023887725012e-10,1.2566363055870875e-10,0.8410617147705217,0.7712252751352388,1.3232186729059386e-10,1.6866472229324934e-10,1.1918495708598137e-10,0.7845260436888047,0.7066383264116141,1.2792768857427658e-10,1.5578452548708298e-10,1.0873657843121744e-10,0.8211835429372208,0.6979934501917743,1.7166657927468335e-10,1.7087830599461043e-10,1.1922811421052821e-10,1.0046130682036243,0.6977369860764462,1.2855980007459567e-10,1.4704267062665468e-10,1.058731988038122e-10,0.8743026736845149,0.7200168383273391,1.5741109663125695e-10,1.8074677997175705e-10,1.1537818549245872e-10,0.8708929512097174,0.6383415821321263
Subject30,9.026562892472371e-11,1.7103005146145603e-10,1.2813329532043519e-10,0.5277764238120826,0.7491858549157473,9.340430813725191e-11,1.6369029569092675e-10,1.2428986838506314e-10,0.5706160389227597,0.7592989423132458,8.936468568108267e-11,1.6098935080226152e-10,1.241717697975657e-10,0.5550968758849564,0.7713042457701579,9.386910312579012e-11,1.7568952620187595e-10,1.305330192286428e-10,0.534289693615144,0.7429755321820034,9.975729702103649e-11,1.749343711993613e-10,1.310642024506039e-10,0.5702555554811445,0.7492192732166887,9.359853805265732e-11,1.5730217554626634e-10,1.1580223850887478e-10,0.5950237987975427,0.7361769670808817,1.0680976357118339e-10,1.709099283550545e-10,1.2697598734188864e-10,0.6249476820872155,0.7429409664142161,9.175701621492577e-11,1.6797039020022436e-10,1.248411728141657e-10,0.5462689948243223,0.7432332130999536,1.0390741263795744e-10,1.4289502021962058e-10,1.1239443615241819e-10,0.7271590883871134,0.7865525053264633,8.534498822603961e-11,1.5236461583267047e-10,1.2111902753881323e-10,0.5601365366862276,0.7949288414301409
Subject31,5.5012535898108024e-11,4.537562751682161e-11,9.876194798112319e-11,1.2123807186515234,2.1765417556927504,6.876020538084963e-11,4.6586601589841247e-11,9.55616113205609e-11,1.4759652568399322,2.0512681341709893,4.8313943886788625e-11,4.431409513353011e-11,9.457436781139649e-11,1.0902613207198728,2.1341825332643904,4.4384310656341184e-11,4.209183152609928e-11,9.618310514957894e-11,1.0544637533489232,2.285077689953692,4.910059217216602e-11,4.846507080122251e-11,9.179344349625729e-11,1.013112977252217,1.894012367643995,4.116527539333719e-11,3.8083003462114195e-11,9.23643786943181e-11,1.0809356314107237,2.4253438620250685,6.133958098026939e-11,4.825106256802632e-11,8.917388904495215e-11,1.2712586566107293,1.8481228039119584,6.782440082793738e-11,6.328641093956592e-11,9.482771531728007e-11,1.07170559715742,1.4983898424550237,7.037137060436529e-11,6.079132215341979e-11,1.0498367914403045e-10,1.1575890786972556,1.7269517329970532,6.823395324674891e-11,4.53486128614064e-11,9.140902084567367e-11,1.5046535922782085,2.015696072667895
Subject32,1.6280190632499316e-10,2.522774136556624e-10,1.2996169650558404e-10,0.6453289018857795,0.5151539118082561,2.263113946546846e-10,3.033965047660437e-10,1.6156160449554812e-10,0.7459261761410163,0.5325097750223989,1.8656815707801262e-10,2.596420209435429e-10,1.166254120253504e-10,0.7185591777479671,0.44917772401220707,1.7833472108670592e-10,2.57796052269349e-10,1.2152261594736608e-10,0.6917666873361554,0.4713905231581961,1.7694774064082905e-10,2.552956351204582e-10,1.1555331772195852e-10,0.6931091499364584,0.45262551264316003,1.61617087795041e-10,2.399154700658679e-10,1.1583890795411562e-10,0.6736417945481783,0.482832173858203,1.8181406971068815e-10,2.5825462445975065e-10,1.2586655758609153e-10,0.704010896575539,0.4873738770385814,1.7506330001568555e-10,2.6597547311754124e-10,1.2378210620971564e-10,0.6581933964201303,0.4653891757719074,1.7107325612495228e-10,2.4822934426092137e-10,1.1710535606739457e-10,0.6891741854062668,0.4717627418952595,1.7063603346271969e-10,2.562214321104595e-10,1.1632715583484233e-10,0.6659709613564133,0.45401024760759506
Subject33,3.8345620624497194e-11,4.0780816905325244e-11,1.8489626442455248e-11,0.9402857405607769,0.45339029096400557,3.8166524246179845e-11,4.235764907324214e-11,2.3449462843254897e-11,0.9010538847466423,0.5536063345420229,3.6095531480816433e-11,4.2532437752741206e-11,2.3100502367314923e-11,0.8486588916124396,0.5431266954790547,3.3736512654228366e-11,3.997292434149385e-11,2.6113176020284962e-11,0.8439841019889609,0.6532715944722165,3.701246433008712e-11,4.516437479333604e-11,2.1052205573830698e-11,0.8195057387476173,0.46612414475262326,3.655125641416298e-11,3.981295417240326e-11,1.899407483620711e-11,0.9180744602845584,0.4770827794882159,3.8938659545317453e-11,4.4260500835634394e-11,2.2791633114550387e-11,0.8797609337933137,0.514942955552837,4.14076494536733e-11,3.791141584730694e-11,2.0910090486372948e-11,1.0922211299216016,0.5515512944858352,4.3287655031982554e-11,3.950494071047308e-11,2.112016564411544e-11,1.095752942631468,0.5346208667645542,4.090736787913701e-11,3.979238292025332e-11,2.1698956280989495e-11,1.0280200600481304,0.5453042690224332
Subject34,8.580918759676121e-11,1.1176514499914791e-10,1.0868987389442198e-10,0.7677633988433104,0.9724845245380447,8.26302965060193e-11,1.0575421204646936e-10,1.0377824040130647e-10,0.7813428411693976,0.9813154331451628,9.045929585238902e-11,1.1405217206632393e-10,9.963823305978923e-11,0.7931396150858476,0.8736197764111615,8.522807827624166e-11,1.1046296407708714e-10,1.0091392582391923e-10,0.7715534250625831,0.9135543905330654,7.689183105819554e-11,9.628346453621042e-11,9.098058238731464e-11,0.7985985073197895,0.9449242694533341,7.250077318994999e-11,8.139521893221592e-11,8.369342594654458e-11,0.8907252064808251,1.0282351598100934,7.881088341458105e-11,9.054390434507142e-11,8.795056980241962e-11,0.8704162249755134,0.97135826468485,7.136395805873902e-11,8.529636853950399e-11,9.44543657443415e-11,0.8366588083487712,1.1073667890163001,8.77031600879796e-11,9.63524626738802e-11,9.86072165384833e-11,0.9102326775478952,1.0234011025980174,7.734146542765151e-11,9.33305567404782e-11,1.0329152089125676e-10,0.828683210823577,1.1067277909685758
Subject35,6.7339437680528316e-12,1.321374504773647e-11,1.6250502259119246e-11,0.5096165957285792,1.2298180569105936,9.205747388247551e-12,1.1138076108451974e-11,2.057694036887468e-11,0.8265114458377509,1.847441171034929,7.15802115944114e-12,9.856104031035773e-12,1.6948024400810518e-11,0.7262525980753987,1.7195460140683456,8.962638614385773e-12,1.1140175146013641e-11,1.472127401453981e-11,0.8045330075077797,1.3214580400746765,7.2339810109668935e-12,9.856029675317576e-12,1.471497887335923e-11,0.7339650193102533,1.492992549546589,1.0440627395439156e-11,1.3138755324076717e-11,1.9661656079648335e-11,0.7946435669067333,1.4964626096368832,9.415665374075218e-12,1.0301076854409208e-11,2.191728776603215e-11,0.9140467066843595,2.1276695704537736,8.17544311806031e-12,1.1026591108360881e-11,1.9374236288531302e-11,0.7414297889273598,1.7570467697710168,1.1504669492010626e-11,1.4105867539912679e-11,2.3168494925220743e-11,0.81559460695757,1.6424721740556034,1.0488625319250563e-11,1.3240176226903624e-11,2.4740688883286257e-11,0.7921817005681544,1.868607219367213
